name,fingerprint,user_id,created_at
signup,8453b170853ed0c89780d060927c31da,48dea19aadaa561c30819e7ce815aa07,2000-05-04 02:18:11.106928 UTC
signup,2e5bdd00ba07201df74ad920964a6407,526fe9f4d2b93e139678d89a02b6a343,2022-10-18 22:30:49.854802 UTC
signup,fc6ab3b22c57727f51a82ae827da64d6,b4bc024e9738bf22b6e3936462e8c2f0,1985-01-01 19:07:00.761116 UTC
signup,6a93287533b97ce6bc2bc7e99b3653c9,dd2f559cf3b816ea5f7f87e674c54e61,1988-05-24 09:56:07.900763 UTC
signup,48c61399964ada27f58e9b48e3702d29,dc2d11638f0af6faf258c3aab8730713,1978-07-04 13:39:43.214247 UTC
signup,d0f11b97a97df0ecc3c737e726c8a332,9b518109ac6d8b19733e484a3828ac7c,1995-11-12 11:28:38.155318 UTC
signup,a04043b1c308a36764fcca8a9dec1c31,3387d8752541be6dfad4a1475031b579,1978-07-26 11:24:48.493263 UTC
signup,c5567b1e8fafdbdfc92c5dc53e6959fd,9148ab4190c97f91fbbb5d6e5fd742bf,1991-10-20 05:47:13.387241 UTC
signup,2b19f405576c8371dd7e55e881f8830b,daa70e714d1112be03ebf1dafef5a2af,2017-01-16 08:15:18.464098 UTC
signup,245417ed5ad770ec635b7535e1a1a556,51983be52e13cebd91fa0caf8c795f7e,2019-07-18 00:24:01.074289 UTC
signup,fe1aa46a3c8cd84e2fa9e6f8c88a977c,d43a00cc7cd288732b343e757edb270e,2003-03-24 12:47:06.029436 UTC
signup,9b924a11f53399794f3d77f39cea1741,5f718894a1f073fd5ae76703469d200b,1972-09-30 05:06:48.423301 UTC
signup,e9a53c7c825dd4b415b86384f35fc66b,0a3698ac6e37ce252bb48418d36c614e,1991-08-26 07:10:58.285684 UTC
signup,9d8bbcee4ca92dfa546d3f5aa070d349,ff3135093205925c22ffa238c02aa53f,1981-07-15 04:09:37.434503 UTC
signup,f547b80ad009d9d6d6536bd1cfe49395,ab84e4bc193d015b2c03e2e4630990f2,2010-10-13 08:28:19.454598 UTC
signup,25f735ea44a47115b34a3f9b7f0345b9,982e575f3f1a23b028bdd20483ea78e8,1992-07-17 23:41:53.017216 UTC
signup,a4d02998b99762463a0a37a67970cecd,8dab37f2d440a31a6e3a1fb6f468727e,1993-06-08 08:27:51.113465 UTC
signup,ecde9f2d76c361cc2c25db97b5fb975f,a7f1bcddc5465a7ac27477fda1233ac7,1992-11-17 10:41:28.252339 UTC
signup,02cf1c9e47621b0318e5a26617322e8f,3f1acaad4022fc7321235c5f0ed79466,1993-01-27 13:01:11.916515 UTC
signup,42c7cae0e234a533910b775ee5b00d7c,c2a5ba61bdb94591c66e7c9818b7664f,2017-06-27 03:18:56.084647 UTC
signup,05f47f6cd1a4b85534472d439935fe51,9bf5debf6b0015f8a082f473a16b8cec,1971-05-17 00:42:40.072380 UTC
signup,a2919dc24a3ba22221c0531517ec0715,9886a443da4f3d4c7a52b6b9d9c79f90,1993-09-07 05:25:35.127385 UTC
signup,af3ea86dd5e782c188b4d09d622aba01,c85679de814e67e5ba4a2743b1c4decc,2003-12-21 12:08:17.787800 UTC
signup,d0b2eebad89f44916c0968ff4497fa2a,db97a3f902f99104140709dad2982c27,1988-08-11 06:50:38.336273 UTC
signup,ce25f38f6d00ca2a9b51652b85ed76e9,241c15b18fdeff88ef57618477eb956b,1992-07-16 19:31:45.709341 UTC
signup,172652fe6a2e0f607b262e2c9fb256eb,9950cfbd5f44cb149a563d9fdc3c189e,2011-01-26 23:57:28.496416 UTC
signup,f0db7dae313ff353782dcfe684c5d701,fba11b36946ddc2a986b2f07f4dd064c,2018-01-21 09:01:27.461360 UTC
signup,45fba4ee17af524e6bfb91b83f4e6ad5,6c4782f5d7ae883db5d46ad5c08eb70b,2002-12-21 03:39:04.889261 UTC
signup,6381ce7f244ae4f019412e8e0a11e289,25903967f8344a96496c1ef70f87e916,2010-08-30 07:41:44.816079 UTC
signup,ad8587e68a1a3c1bbeb7dd65038a2964,ba3d8d87d05e4decb0b59d9eb1e7dee0,2011-07-31 23:42:32.823285 UTC
signup,a0385ddaf02f1d3764fa026cca852f64,185cb990f7bbf951bbe957f9acba143f,2022-08-29 11:58:40.003579 UTC
signup,b1a2fcbb27570f389325be5d8414ea8b,cb32b503929c6ff7759eb94f99ad0231,2017-03-06 00:18:52.359362 UTC
signup,5746af3d24a7e2b88b4987e584140f5e,5e4268f351bbd77ba52cbe5a49657081,1987-05-14 19:58:00.883818 UTC
signup,71896fb9873ba0e3ad50f7c17c95f919,df6a0ea4ccb6d5e4503028075e1138db,2006-12-26 09:59:20.092818 UTC
signup,1e7ec35c93da2fb63356dd2ca92a1ea8,115517ca7dc873a2d1182cd2eed6e235,1988-09-01 11:42:25.421894 UTC
signup,08ca4edd4762697bf3176a88258bac48,2b04ec3d9a12a71c433230ed9522487e,2019-10-24 03:28:46.702202 UTC
signup,49ef4998a843a7864028d0aa1724e051,59302120a729a3709281c2b0a5ca629d,1998-05-27 09:03:28.195857 UTC
signup,7bc61267f0b0bcb76afe9fdd93b71549,2152a8e60fa09a9fd0d61779f5a44c74,1971-05-29 13:19:10.622993 UTC
signup,b5fabafc9c5a4c076f417b1740a672ed,b8e433e8a4e872d2bf4591ad8c12498b,2018-08-15 15:39:52.821004 UTC
signup,5fa19c379f3aa1a94f6cfb19b08f559c,3f885d7e7f6302995d377360ae3fa616,1991-06-20 22:44:23.749837 UTC
signup,5c0dd64dcb696f4fd45e8279c7332309,21cb4f237786fcc6c82eb402137e46fc,1989-09-04 13:25:33.308809 UTC
signup,77a96032437cc449e857db82ab5e0760,2be7286d0ce6d92bf1fb8f568cdea836,2016-11-27 02:35:02.458943 UTC
signup,25752d1e106d22ac55e68f9721cf3675,340bc616949a6245f87dd84a48e18c23,2016-07-26 08:49:46.823490 UTC
signup,838dada15323c3a668406b725a9971d2,35c51ea035ff3680a077357372888690,1988-06-02 18:47:58.994037 UTC
signup,0c5aecdd2b24cce23d167588753ca6f5,368e37c9bb5a60745ee02b1449ffc3c3,1981-02-27 21:54:10.733945 UTC
signup,68571c4fd866e191fbb2f5ea8e9d3104,10e40209f46fdae1ef20c756e95e7a52,1995-05-16 02:46:29.472827 UTC
signup,5517e5a20b386d9707cc2b685e339847,bce1efd74ba5ae6608aefb76f92ea06e,1998-06-19 20:56:49.035568 UTC
signup,b584697a5d2ada09af034f705041b2f7,aa6cbceba1f848b94ec826a9764f8726,2005-03-31 14:38:34.141018 UTC
signup,c7d5b542724d8054ca778ba27454c090,18421deb4a0d63376d28bc8abdd96e41,2008-08-18 22:17:17.897771 UTC
signup,effc4f45114b756d40024c7cc805c15b,898233b68f5257d4dc25f37747c6b0d8,1991-11-04 18:46:06.411808 UTC
signup,a826b24304ee65d80c8edcd3388e1dcb,58ddebfb5001e2df82235becff7720aa,1971-09-13 16:04:48.662911 UTC
signup,ad63c5911b41ea462a7aae301eaaae6e,91217c5d4d8d23af0c66f614a51d67c3,1998-09-20 00:22:23.974039 UTC
signup,f87c667bec8eef617be86d568b118ff1,3f97486dc9c315b54283b107f43c7e8f,2008-03-07 08:27:22.961725 UTC
signup,e2a255369e2e20dadce053a98d9feae2,056c9c16d718ee5d63e4ab90f35bf8ba,1993-01-31 08:13:42.847808 UTC
signup,958815a9e29ee9ac4e9c970676bf3ebe,8a8506a783d67c7a5fa35ca4628953ef,2005-12-07 15:52:34.250736 UTC
signup,f6dca3179c4ddee06385110ccafadd2c,d851e1adf1fe54dc23527e903a4800a0,2018-01-16 01:20:22.511069 UTC
signup,d12e5cab81cbf6d40a3c0d8937d46dd2,bfade7b5e034e8893f66fa0ce9535ed6,2002-10-20 12:56:20.275894 UTC
signup,03143312eaaec39c72e27c18b6a8b493,4ca1909998a26900a6495821d65d3719,1989-01-23 23:57:04.811263 UTC
signup,07700fee2a726d6afcffb0bcdc6055ec,68681d91d83f1586d6cd4941a75134b3,1992-10-12 00:13:03.996176 UTC
signup,e20aa02de9e672fb2d13a234c71e8dfb,1186653c5da1457435e231ff02388215,2010-02-19 16:58:28.639858 UTC
signup,23fdeefe9d117bec58d02660a8bb0bf5,a91c28b91f05dfc5e62a7b21af62a5bd,1980-10-16 20:08:33.130900 UTC
signup,6f5f5b33d3f2ae83f6abdb7ba9045ccd,d577c5534e45ebde5add8feea881eef0,1972-05-28 06:02:16.488407 UTC
signup,892f6b04589b5ba3942dab43c9c1b872,6c7431e8d9f8ee3465aeb8153c912b5f,2009-07-04 07:02:04.245215 UTC
signup,088dfbcf34988703eab8396192e09502,3a38473c2a23b27f465714c7aeb0603b,2003-01-15 14:55:04.856800 UTC
signup,d633e5b44c272c50071c4370428da345,00d03b4f309dede732b3f2c047142481,1992-10-21 18:15:55.008813 UTC
signup,7141d468cb369f4e052462741b9c8301,4c384343a318dc1409fe73f5380b9929,2001-12-06 16:21:00.299162 UTC
signup,068827e327416cd655d7aba66ebe701e,45315f6814c84642feb1efe25ec4b1f8,2010-05-27 05:53:11.053635 UTC
signup,1a0865f23634002a5a414544db1f7d58,4fe945afd2de3a8d2b015c1b32f94cf1,1991-12-12 03:40:05.623911 UTC
signup,bfd88fbd5713414ba3237ed1a1a03b27,d7328ec0765f0a30987acb484a9f04ee,2009-11-04 10:12:07.599169 UTC
signup,fa46e298283659e13cca520f9d1c17df,b178a1baf2e14935e7e73bb371a0ecc1,1974-05-21 17:25:36.705227 UTC
signup,116a606cbe6cb66b40efba885905c414,e1a8495054ed008e6ba3033b1e6a143a,1982-01-24 16:34:35.056229 UTC
signup,1f8213db7e7fbf265016b9ee57b28fbe,0dc01d5bb9ae350e1bdacd01acfcf8b2,2009-11-24 12:06:44.733066 UTC
signup,36921968a4a0b4b301a950268303085c,ec7ce3fb5d30a95836405ad4f9020dc4,1983-06-04 05:50:48.882010 UTC
signup,daeb047718f41aaa835610c107352e5f,12ad58635463f706b6fa4fb147139d45,1977-09-15 21:15:00.292054 UTC
signup,4877bd5947b0b089add38e1fe72f0846,cce38ff40cef88472a05ab9627fb68b9,2021-04-11 01:07:47.645180 UTC
signup,b950d320fb80c6e65ae23d7f76c43339,9debed69a41528f08b14a884fa463f77,1999-12-24 15:18:33.884271 UTC
signup,9fea72d1e777139aacc6600466588fa8,2706ada5068e14eaaa5bf3cef60c5a4e,1994-10-19 08:53:13.175013 UTC
signup,fe435a6f99d00b266e08a037b21f97fa,66c7fd3ba8ded6b2621042fe183404b0,1987-10-09 04:04:22.535895 UTC
signup,eb140adc40a8d24c3f4d43d8017ad807,46a5e1b9ec9bd718a1455e2978c4a4d7,2018-03-17 17:16:20.188581 UTC
signup,f9339001122f6810aa5663ba3d6c7682,773a9a10c8d9f47d35925e4eb1c7c26b,2005-08-29 14:30:35.291364 UTC
signup,3ca59613f6100f651ebd84939d8c0fba,0991653ce7daeb0519b714a62133941a,1978-06-21 12:38:57.101051 UTC
signup,b74d940ab5887eefb3dfe16d20ee6bc2,a8e1194269d71eb9b66d4d3390ce8480,2006-05-08 09:53:33.728227 UTC
signup,21e0b3bcf1a17d9faf43f695b38780de,280d6020019c468b1f2fb631667d97ee,2014-01-29 10:31:28.441509 UTC
signup,3542652fed6d751766c88a4276f17d08,fd90b1696d090117e088cfdc7521d8f0,2014-02-16 11:10:04.238395 UTC
signup,231607865f2986835335c0cef1a557e6,11a62b6c7aa558f1f24e64e6d8b6eedd,2001-01-07 22:45:17.312515 UTC
signup,bd5ebdb475ef8066d27beaa84a36c05c,2b89051410bbf3146153a1832e7fc97b,2020-06-19 07:53:19.250184 UTC
signup,d60abfedf07dcf2eb565b2bade154dbf,5ebf8a4c1d5e268a1cef06e205d57845,1982-03-12 13:18:45.873912 UTC
signup,579cbdfba94eb4231ac9b9cf184854d9,95ef546cd01da90283893c92fd827b7c,2012-04-01 08:30:12.596188 UTC
signup,f0b05d6fe73946c13685075175886ede,890aa5f5ba80a514f5ba8abe92e1f18e,2003-06-09 04:53:29.855060 UTC
signup,07a96f1ab171d224133957486e959ad8,ed87d4a886ca574aa7c1fc08f8f89abe,1973-02-12 07:23:26.649166 UTC
signup,cd149949e09239ee40849841261fb52d,b8f4bd29d28d6164d5fc6f39fad1ac73,2018-11-17 07:50:55.167643 UTC
signup,5ed5d622e869d5e60df64a25f5121ee8,dd202ea64d5eb7de98500d4c7e2281e9,1987-06-30 12:15:47.826511 UTC
signup,83727dfb23f6df7dd730a5f18598ae1e,89b46fd2f36913db71240dd11e1609e3,1984-08-28 19:14:34.017407 UTC
signup,edfe4059cb8bfa2b65486f77dd82515d,012ae6b25bc5a5f7d71dc7f46db3a230,1979-12-25 03:31:29.549120 UTC
signup,3b68cc9a969df0487fab9f17c18a01bf,df59c0370c4538935a73a77d76379404,2007-12-03 19:03:30.761532 UTC
signup,97fa1181a7cafe90184e2aab0a292ab1,5d1ea977567eb715cd573bc1286e97e3,2014-05-17 04:45:38.193074 UTC
signup,0c5d2692252647453ef46d8ea3a8da80,d0c70945e1a962bc685bed414bc0374c,2007-06-19 14:35:12.164473 UTC
signup,bbc11b4ac8d37f45c28ba55be6c7fa1c,c26999d6250851af5a5e358796afd900,1981-12-10 18:17:08.374943 UTC
signup,565a15ceb539898d29034b498244e5d0,9c950d0970c9d9fc1282ca4e462c3f54,1996-12-12 13:19:19.905234 UTC
signup,dc38876c97ca41f1e1268094af1e2a49,6865e20b656b5ec11439aa61b370cd5b,1985-05-04 09:44:50.198668 UTC
